City_ID,City,Country,Date,Lat,Lng,Max Temp,Humidity,Cloudiness,Wind Speed
0,Xining,CN,2021-12-14 20:49:10,36.6167,101.7667,22.33,46,87,2.3
1,Nouadhibou,MR,2021-12-14 20:51:08,20.931,-17.0347,66.18,77,0,14.97
2,Tiarei,PF,2021-12-14 20:51:08,-17.5333,-149.3333,84.22,76,14,10.18
3,Coquimbo,CL,2021-12-14 20:46:18,-29.9533,-71.3436,67.73,55,0,13.8
4,Lebu,CL,2021-12-14 20:48:10,-37.6167,-73.65,59.56,67,0,14.05
5,Lethem,GY,2021-12-14 20:51:09,3.3803,-59.7968,85.1,66,100,11.1
6,Sinnamary,GF,2021-12-14 20:51:09,5.3833,-52.95,78.53,87,100,8.1
7,Iqaluit,CA,2021-12-14 20:51:09,63.7506,-68.5145,-4.27,71,75,9.22
8,Severo-Yeniseyskiy,RU,2021-12-14 20:51:10,60.3725,93.0408,-25.08,99,21,3.42
9,Tuktoyaktuk,CA,2021-12-14 20:51:10,69.4541,-133.0374,-16.6,69,90,5.75
10,Atuona,PF,2021-12-14 20:51:10,-9.8,-139.0333,78.96,73,8,16.51
11,Kapaa,US,2021-12-14 20:51:11,22.0752,-159.319,79.12,83,20,4.0
12,Lompoc,US,2021-12-14 20:47:50,34.6391,-120.4579,52.38,88,90,8.99
13,Porto Velho,BR,2021-12-14 20:51:11,-8.7619,-63.9039,80.65,78,40,2.3
14,Staraya Mayna,RU,2021-12-14 20:51:12,54.6,48.95,23.11,85,100,7.25
15,Torbay,CA,2021-12-14 20:51:12,47.6666,-52.7314,30.76,93,90,13.8
16,Monrovia,LR,2021-12-14 20:51:12,6.3005,-10.7969,80.37,79,49,9.1
17,Cherskiy,RU,2021-12-14 20:51:13,68.75,161.3,-23.53,79,100,2.86
18,Rikitea,PF,2021-12-14 20:51:13,-23.1203,-134.9692,77.81,75,3,5.53
19,Coihaique,CL,2021-12-14 20:46:20,-45.5752,-72.0662,65.01,44,75,9.22
20,Saint-Joseph,RE,2021-12-14 20:51:14,-21.3667,55.6167,75.58,77,19,13.53
21,Orange,US,2021-12-14 20:50:57,33.7,-117.7675,60.22,92,90,5.01
22,Mongoumba,CF,2021-12-14 20:51:14,3.6415,18.5936,80.92,54,99,1.14
23,East London,ZA,2021-12-14 20:51:15,-33.0153,27.9116,67.98,73,93,8.3
24,Hobart,AU,2021-12-14 20:50:31,-42.8794,147.3294,60.12,80,75,1.01
25,Jamestown,US,2021-12-14 20:47:33,42.097,-79.2353,51.12,45,1,6.91
26,Castro,BR,2021-12-14 20:51:15,-24.7911,-50.0119,69.22,94,100,5.91
27,New Norfolk,AU,2021-12-14 20:51:16,-42.7826,147.0587,59.76,69,100,2.3
28,Ribeira Grande,PT,2021-12-14 20:51:16,38.5167,-28.7,59.4,72,75,4.61
29,Barrow,US,2021-12-14 20:51:17,71.2906,-156.7887,-16.58,69,40,0.0
30,Ascension,US,2021-12-14 20:51:17,30.2169,-90.9001,78.03,86,75,0.0
31,Punta Arenas,CL,2021-12-14 20:51:17,-53.15,-70.9167,59.11,38,20,31.07
32,Mar Del Plata,AR,2021-12-14 20:48:36,-38.0023,-57.5575,68.02,85,0,18.99
33,Davila,PH,2021-12-14 20:51:18,18.4726,120.5763,74.23,73,38,8.7
34,Sorong,ID,2021-12-14 20:51:18,-0.8833,131.25,79.3,84,89,6.4
35,Albany,US,2021-12-14 20:48:35,42.6001,-73.9662,46.81,45,3,4.81
36,Mokhsogollokh,RU,2021-12-14 20:51:19,61.4681,128.9203,-24.9,88,100,10.33
37,Tual,ID,2021-12-14 20:51:19,-5.6667,132.75,83.8,72,79,6.13
38,Ushuaia,AR,2021-12-14 20:46:43,-54.8,-68.3,53.26,50,75,32.21
39,Husavik,IS,2021-12-14 20:51:19,66.0449,-17.3389,39.11,79,99,11.77
40,Port Alfred,ZA,2021-12-14 20:51:20,-33.5906,26.891,66.4,77,35,15.26
41,Quatre Cocos,MU,2021-12-14 20:51:20,-20.2078,57.7625,78.1,75,23,14.81
42,Arman,RU,2021-12-14 20:51:20,59.7,150.1667,2.01,90,100,10.67
43,Sola,VU,2021-12-14 20:51:21,-13.8833,167.55,81.25,82,100,24.45
44,Hasaki,JP,2021-12-14 20:52:21,35.7333,140.8333,30.6,81,0,4.79
45,Olinda,BR,2021-12-14 20:52:21,-8.0089,-34.8553,83.93,65,75,8.05
46,Nerchinskiy Zavod,RU,2021-12-14 20:52:22,51.3088,119.61,-18.54,100,96,2.48
47,Salalah,OM,2021-12-14 20:52:22,17.0151,54.0924,71.73,54,0,2.55
48,Yellowknife,CA,2021-12-14 20:47:37,62.456,-114.3525,-7.08,77,75,0.0
49,Shimoda,JP,2021-12-14 20:52:22,34.6667,138.95,52.7,60,0,21.12
50,Kysyl-Syr,RU,2021-12-14 20:52:23,63.8986,122.7617,-36.08,96,89,7.38
51,Lokosovo,RU,2021-12-14 20:52:23,61.1333,74.8167,6.89,95,100,11.25
52,Brae,GB,2021-12-14 20:52:23,60.3964,-1.353,49.91,87,100,16.11
53,Georgetown,MY,2021-12-14 20:52:24,5.4112,100.3354,80.89,85,20,0.0
54,Flin Flon,CA,2021-12-14 20:52:24,54.7682,-101.865,21.04,86,90,8.05
55,Roald,NO,2021-12-14 20:52:24,62.5833,6.1333,48.34,87,75,23.02
56,Saskylakh,RU,2021-12-14 20:52:25,71.9167,114.0833,-11.85,90,99,5.12
57,Elat,IL,2021-12-14 20:52:25,29.5581,34.9482,67.84,52,0,8.05
58,Cadillac,US,2021-12-14 20:52:26,44.2519,-85.4012,42.04,75,1,11.5
59,Severo-Kurilsk,RU,2021-12-14 20:52:26,50.6789,156.125,28.18,69,81,32.91
60,Bluff,NZ,2021-12-14 20:52:27,-46.6,168.3333,59.81,71,95,15.21
61,Santa Maria Da Vitoria,BR,2021-12-14 20:52:27,-13.3947,-44.1886,75.96,90,91,1.12
62,Bambous Virieux,MU,2021-12-14 20:52:27,-20.3428,57.7575,78.22,78,40,11.5
63,Rolla,US,2021-12-14 20:51:15,37.9514,-91.7713,65.93,75,90,8.01
64,Tasiilaq,GL,2021-12-14 20:52:28,65.6145,-37.6368,24.42,67,100,5.93
65,Cape Town,ZA,2021-12-14 20:51:04,-33.9258,18.4232,64.81,74,75,1.99
66,Mahebourg,MU,2021-12-14 20:52:28,-20.4081,57.7,78.26,78,40,11.5
67,Komsomolskiy,UZ,2021-12-14 20:52:29,40.4272,71.7189,36.32,80,75,2.3
68,Hilo,US,2021-12-14 20:52:29,19.7297,-155.09,80.11,61,1,3.44
69,Mount Gambier,AU,2021-12-14 20:52:29,-37.8333,140.7667,51.71,93,75,0.0
70,Busselton,AU,2021-12-14 20:52:30,-33.65,115.3333,47.08,84,0,6.82
71,Bethel,US,2021-12-14 20:52:31,41.3712,-73.414,51.89,43,1,8.05
72,Lufilufi,WS,2021-12-14 20:52:31,-13.8745,-171.5986,87.58,72,27,12.24
73,Riyadh,SA,2021-12-14 20:51:31,24.6877,46.7219,53.74,22,100,8.72
74,Ostrovnoy,RU,2021-12-14 20:52:31,68.0531,39.5131,24.75,90,100,8.37
75,Luderitz,NA,2021-12-14 20:52:32,-26.6481,15.1594,61.83,82,0,19.75
76,Isangel,VU,2021-12-14 20:52:32,-19.55,169.2667,82.51,83,90,0.0
77,Byron Bay,AU,2021-12-14 20:52:32,-28.65,153.6167,74.05,79,48,10.92
78,Kutum,SD,2021-12-14 20:52:33,14.2,24.6667,69.6,30,100,8.63
79,Kuala Terengganu,MY,2021-12-14 20:52:33,5.3302,103.1408,80.55,83,40,6.91
80,Kintampo,GH,2021-12-14 20:52:33,8.0563,-1.7306,84.6,33,54,4.47
81,Saint-Pierre,RE,2021-12-14 20:52:34,-21.3393,55.4781,76.68,72,0,4.61
82,Vidim,RU,2021-12-14 20:52:34,56.4088,103.1106,-24.95,99,62,1.9
83,Saldanha,ZA,2021-12-14 20:52:34,-33.0117,17.9442,60.85,78,0,16.8
84,Chuy,UY,2021-12-14 20:52:35,-33.6971,-53.4616,70.68,73,13,12.1
85,Scarborough,GB,2021-12-14 20:51:46,54.2797,-0.4044,47.08,87,100,7.0
86,Maragogi,BR,2021-12-14 20:52:35,-9.0122,-35.2225,79.65,77,100,9.95
87,Yar-Sale,RU,2021-12-14 20:52:35,66.8333,70.8333,6.26,97,98,3.22
88,Portland,US,2021-12-14 20:51:39,45.5234,-122.6762,45.45,85,40,1.99
89,Ust-Kuyga,RU,2021-12-14 20:52:36,70.0167,135.6,-25.17,93,100,2.62
90,Salinas,US,2021-12-14 20:50:38,36.6777,-121.6555,53.19,68,20,11.5
91,Vaini,TO,2021-12-14 20:52:36,-21.2,-175.2,82.56,89,40,8.05
92,Khatanga,RU,2021-12-14 20:52:37,71.9667,102.5,-4.74,83,100,6.6
93,Hammerfest,NO,2021-12-14 20:53:37,70.6634,23.6821,28.85,74,0,4.61
94,Iracoubo,GF,2021-12-14 20:53:37,5.4802,-53.2011,78.94,84,100,7.99
95,Kalmunai,LK,2021-12-14 20:53:38,7.4167,81.8167,77.13,87,100,5.46
96,Pevek,RU,2021-12-14 20:53:38,69.7008,170.3133,-25.46,89,27,1.23
97,Laplace,US,2021-12-14 20:53:38,30.0666,-90.4801,78.01,83,40,5.99
98,Qaanaaq,GL,2021-12-14 20:53:39,77.484,-69.3632,0.82,96,96,1.54
99,Ngunguru,NZ,2021-12-14 20:50:09,-35.6167,174.5,72.28,69,73,4.45
100,Nenjiang,CN,2021-12-14 20:53:39,49.1833,125.2167,-12.24,99,93,4.34
101,Hermanus,ZA,2021-12-14 20:53:39,-34.4187,19.2345,62.91,70,98,3.62
102,Puerto Ayora,EC,2021-12-14 20:53:40,-0.7393,-90.3518,76.96,83,80,9.86
103,Temerloh,MY,2021-12-14 20:53:40,3.4483,102.4176,72.27,97,96,1.99
104,Aspindza,GE,2021-12-14 20:53:41,41.5739,43.2483,43.07,72,100,6.35
105,Amapa,BR,2021-12-14 20:53:41,1.0,-52.0,76.01,95,88,3.2
106,Khabary,RU,2021-12-14 20:53:41,53.6259,79.5345,-6.29,100,100,7.56
107,Satipo,PE,2021-12-14 20:53:42,-11.2522,-74.6386,82.56,63,84,2.28
108,Noumea,NC,2021-12-14 20:53:42,-22.2763,166.4572,79.0,99,81,11.14
109,Katsuura,JP,2021-12-14 20:53:42,35.1333,140.3,42.91,76,13,11.41
110,Mataura,NZ,2021-12-14 20:53:43,-46.1927,168.8643,59.49,59,100,7.81
111,Palmerston,AU,2021-12-14 20:53:43,-12.486,130.9833,82.38,81,75,4.61
112,Ravar,IR,2021-12-14 20:53:43,31.2656,56.8055,42.58,38,5,1.21
113,Longyearbyen,SJ,2021-12-14 20:53:44,78.2186,15.6401,26.44,59,0,6.91
114,Touros,BR,2021-12-14 20:53:44,-5.1989,-35.4608,85.1,73,94,12.26
115,Airai,TL,2021-12-14 20:53:44,-8.9266,125.4092,59.25,86,17,2.06
116,Vila Do Maio,CV,2021-12-14 20:53:45,15.1333,-23.2167,74.19,69,76,16.49
117,Avarua,CK,2021-12-14 20:53:45,-21.2078,-159.775,82.45,83,40,10.36
118,Adrar,MR,2021-12-14 20:53:45,20.5022,-10.0711,67.68,21,28,8.32
119,Samarai,PG,2021-12-14 20:53:46,-10.6167,150.6667,82.44,76,97,7.92
120,Dikson,RU,2021-12-14 20:53:46,73.5069,80.5464,-22.5,100,47,6.42
121,Cabo San Lucas,MX,2021-12-14 20:53:38,22.8909,-109.9124,86.5,51,4,1.01
122,Ayagoz,KZ,2021-12-14 20:53:47,47.9714,80.4392,3.4,91,100,3.6
123,Hokitika,NZ,2021-12-14 20:53:47,-42.7167,170.9667,58.3,83,100,8.23
124,Upata,VE,2021-12-14 20:53:48,8.0086,-62.3989,77.2,73,72,4.52
125,Owensboro,US,2021-12-14 20:53:48,37.7742,-87.1133,60.85,58,90,8.05
126,Kastamonu,TR,2021-12-14 20:53:48,41.5,33.6667,42.85,99,100,0.76
127,Bathsheba,BB,2021-12-14 20:53:49,13.2167,-59.5167,81.21,74,75,21.85
128,Cayenne,GF,2021-12-14 20:53:49,4.9333,-52.3333,78.84,90,90,3.0
129,Butaritari,KI,2021-12-14 20:53:49,3.0707,172.7902,81.68,79,70,8.61
130,Kaitangata,NZ,2021-12-14 20:53:50,-46.2817,169.8464,59.94,70,100,13.13
131,Basoko,CD,2021-12-14 20:53:50,1.2391,23.616,77.59,67,100,2.64
132,Ontario,US,2021-12-14 20:49:49,34.0633,-117.6509,58.75,92,90,5.01
133,Niksic,ME,2021-12-14 20:53:50,42.7731,18.9445,42.67,80,6,7.94
134,Octeville,FR,2021-12-14 20:53:51,49.6261,-1.6435,49.93,93,90,5.75
135,San Felipe,VE,2021-12-14 20:53:51,10.3399,-68.7425,76.53,83,58,6.67
136,Vanimo,PG,2021-12-14 20:53:52,-2.6741,141.3028,77.27,91,100,7.36
137,Paragominas,BR,2021-12-14 20:53:52,-2.9667,-47.4833,81.46,72,99,3.24
138,Pangody,RU,2021-12-14 20:53:52,65.85,74.4859,7.11,95,100,10.67
139,Kununurra,AU,2021-12-14 20:54:53,-15.7667,128.7333,82.38,94,73,3.44
140,Hurghada,EG,2021-12-14 20:54:53,27.2574,33.8129,66.06,47,0,20.09
141,Selma,US,2021-12-14 20:54:54,36.5708,-119.6121,46.85,95,100,4.21
142,Batagay-Alyta,RU,2021-12-14 20:54:54,67.8006,130.4114,-20.6,90,100,1.41
143,Inta,RU,2021-12-14 20:54:54,66.0317,60.1659,13.78,95,98,8.48
144,Sioux Lookout,CA,2021-12-14 20:54:55,50.1001,-91.917,37.78,60,75,13.8
145,Nobres,BR,2021-12-14 20:54:55,-14.7203,-56.3275,81.09,76,48,7.23
146,Viedma,AR,2021-12-14 20:54:56,-40.8135,-62.9967,70.38,43,82,16.11
147,Mugur-Aksy,RU,2021-12-14 20:54:56,50.35,90.5,-13.88,91,90,6.82
148,Atikokan,CA,2021-12-14 20:54:56,48.7555,-91.6216,34.45,79,58,14.0
149,Sao Jose Da Coroa Grande,BR,2021-12-14 20:54:57,-8.8978,-35.1478,79.72,76,99,9.93
150,Namatanai,PG,2021-12-14 20:54:57,-3.6667,152.4333,81.68,80,91,7.25
151,Esperance,AU,2021-12-14 20:54:57,-33.8667,121.9,51.64,77,0,0.51
152,Miraflores,MX,2021-12-14 20:54:58,19.2167,-98.8083,71.02,31,9,2.59
153,Southbridge,US,2021-12-14 20:54:58,42.0751,-72.0334,50.27,38,3,4.76
154,Kodiak,US,2021-12-14 20:54:58,57.79,-152.4072,21.7,78,54,13.65
155,Vao,NC,2021-12-14 20:54:59,-22.6667,167.4833,76.05,62,97,22.35
156,Berlevag,NO,2021-12-14 20:54:59,70.8578,29.0864,30.2,74,0,6.91
157,Arona,ES,2021-12-14 20:54:59,28.0996,-16.681,61.79,74,20,4.61
158,Hopelchen,MX,2021-12-14 20:55:00,19.7667,-89.85,91.69,30,21,5.28
159,Gemena,CD,2021-12-14 20:55:00,3.25,19.7667,79.75,51,97,1.36
160,Aykhal,RU,2021-12-14 20:55:01,66.0,111.5,-19.59,99,100,3.91
161,Murgab,TM,2021-12-14 20:55:01,37.4966,61.9714,30.07,93,90,9.22
162,Meulaboh,ID,2021-12-14 20:55:01,4.1363,96.1285,76.39,92,100,6.24
163,Alofi,NU,2021-12-14 20:55:02,-19.0595,-169.9187,80.49,69,40,6.91
164,Birao,CF,2021-12-14 20:55:02,10.2849,22.7882,77.23,25,100,5.73
165,Arraial Do Cabo,BR,2021-12-14 20:55:02,-22.9661,-42.0278,84.16,78,40,13.8
166,Pacific Grove,US,2021-12-14 20:52:04,36.6177,-121.9166,52.77,74,40,5.99
167,Burnie,AU,2021-12-14 20:55:03,-41.0667,145.9167,58.53,83,100,3.13
168,Douentza,ML,2021-12-14 20:55:03,14.9951,-2.9517,78.51,14,52,5.77
169,Faya,SA,2021-12-14 20:55:04,18.3851,42.4509,48.72,41,41,2.84
170,Ordzhonikidze,KZ,2021-12-14 20:55:04,52.4411,61.7408,23.74,70,100,13.13
171,Victoria,HK,2021-12-14 20:52:33,22.2855,114.1577,69.76,88,100,4.0
172,Belmonte,BR,2021-12-14 20:55:05,-15.8631,-38.8828,81.1,84,100,8.61
173,Narsaq,GL,2021-12-14 20:55:05,60.9167,-46.05,22.33,76,100,5.32
174,Ngaoundere,CM,2021-12-14 20:55:05,7.3167,13.5833,72.3,21,100,3.62
175,Diffa,NE,2021-12-14 20:55:06,13.3154,12.6113,72.16,14,73,10.2
176,San Patricio,US,2021-12-14 20:55:06,28.017,-97.5169,84.29,58,84,15.88
177,Itarema,BR,2021-12-14 20:55:06,-2.9248,-39.9167,81.34,74,91,15.3
178,Hithadhoo,MV,2021-12-14 20:55:07,-0.6,73.0833,81.03,79,42,8.3
179,Lujiang,CN,2021-12-14 20:55:07,31.2581,117.2817,44.65,68,100,3.22
180,Atbasar,KZ,2021-12-14 20:55:07,51.8,68.3333,12.25,87,100,9.31
181,Yacuiba,BO,2021-12-14 20:55:08,-22.038,-63.6797,83.17,69,75,5.75
182,Indramayu,ID,2021-12-14 20:55:08,-6.3264,108.32,80.56,79,100,2.04
183,Qaqortoq,GL,2021-12-14 20:55:08,60.7167,-46.0333,22.96,79,100,4.16
184,Mogadishu,SO,2021-12-14 20:55:09,2.0371,45.3438,78.93,81,100,20.02
185,Gilgit,PK,2021-12-14 20:55:09,35.9221,74.3087,34.77,78,98,2.17
186,Talnakh,RU,2021-12-14 20:55:09,69.4865,88.3972,-11.79,98,100,16.4
187,Pomabamba,PE,2021-12-14 20:55:10,-8.8333,-77.4667,59.74,57,96,6.53
188,Mahibadhoo,MV,2021-12-14 20:56:10,3.7833,72.9667,80.17,80,99,12.41
189,Nordfjordeid,NO,2021-12-14 20:56:10,61.9063,5.9915,48.15,93,90,1.14
190,Manadhoo,MV,2021-12-14 20:56:11,5.7667,73.3833,81.54,75,97,15.55
191,Port Elizabeth,ZA,2021-12-14 20:51:36,-33.918,25.5701,64.69,82,20,6.91
192,Pout,SN,2021-12-14 20:56:11,14.7739,-17.0603,76.98,57,0,12.66
193,Chanika,TZ,2021-12-14 20:56:12,-5.4167,38.0167,66.96,99,30,2.24
194,Thompson,CA,2021-12-14 20:56:12,55.7435,-97.8558,12.36,92,90,8.05
195,Leningradskiy,RU,2021-12-14 20:56:12,69.3833,178.4167,-29.06,93,13,9.26
196,Bonthe,SL,2021-12-14 20:56:13,7.5264,-12.505,81.84,77,100,8.66
197,Marathon,US,2021-12-14 20:56:13,44.9,-89.7668,40.24,83,90,1.99
198,Diamantino,BR,2021-12-14 20:51:15,-14.4086,-56.4461,80.78,74,33,7.58
199,Coos Bay,US,2021-12-14 20:56:13,43.3665,-124.2179,43.23,93,90,3.44
200,Buala,SB,2021-12-14 20:56:14,-8.145,159.5921,83.12,80,99,9.42
201,Atkarsk,RU,2021-12-14 20:56:14,51.8718,45.0078,25.81,87,100,9.04
202,Andilamena,MG,2021-12-14 20:56:15,-17.0167,48.5833,63.95,88,43,4.14
203,Bardiyah,LY,2021-12-14 20:56:15,31.7561,25.0865,57.45,65,13,18.21
204,Mildura,AU,2021-12-14 20:54:54,-34.2,142.15,69.76,46,100,10.36
205,Lukiv,UA,2021-12-14 20:56:15,51.0521,25.4006,20.03,97,72,5.88
206,Paita,PE,2021-12-14 20:56:16,-5.0892,-81.1144,79.36,78,51,16.46
207,Guerrero Negro,MX,2021-12-14 20:56:16,27.9769,-114.0611,66.16,57,83,11.88
208,Zhigansk,RU,2021-12-14 20:56:16,66.7697,123.3711,-44.86,100,91,2.77
209,Nikolskoye,RU,2021-12-14 20:56:17,59.7035,30.7861,33.87,97,100,9.91
210,Constitucion,CL,2021-12-14 20:56:17,-35.3333,-72.4167,63.18,61,0,17.9
211,Tunceli,TR,2021-12-14 20:52:20,39.1083,39.5471,43.93,70,100,4.34
212,Labuhan,ID,2021-12-14 20:56:18,-6.8844,112.2051,78.37,85,100,7.36
213,Qeshm,IR,2021-12-14 20:56:18,26.9581,56.2719,58.89,49,4,7.38
214,Hamilton,US,2021-12-14 20:54:32,39.1834,-84.5333,58.84,49,10,3.0
215,Planaltina,BR,2021-12-14 20:56:19,-15.4528,-47.6142,79.09,91,100,3.47
216,Maldonado,UY,2021-12-14 20:51:26,-34.6667,-54.9167,72.79,71,47,15.32
217,Faanui,PF,2021-12-14 20:56:19,-16.4833,-151.75,81.79,70,25,13.67
218,Ponta Do Sol,PT,2021-12-14 20:56:19,32.6667,-17.1,59.72,73,11,7.0
219,Quelimane,MZ,2021-12-14 20:56:20,-17.8786,36.8883,82.35,78,20,21.0
220,Itaituba,BR,2021-12-14 20:56:20,-4.2761,-55.9836,93.36,59,20,9.22
221,Sibenik,HR,2021-12-14 20:56:21,43.7272,15.9058,48.38,59,100,12.37
222,Kavaratti,IN,2021-12-14 20:56:21,10.5669,72.642,81.57,72,98,2.44
223,Bubaque,GW,2021-12-14 20:56:21,11.2833,-15.8333,81.57,68,96,13.11
224,Lata,PT,2021-12-14 20:56:22,40.1629,-8.3327,52.21,72,0,4.38
225,Calama,CL,2021-12-14 20:56:22,-22.4667,-68.9333,73.89,15,3,21.85
226,Shellbrook,CA,2021-12-14 20:56:22,53.2168,-106.4011,20.43,96,100,6.98
227,Gisborne,NZ,2021-12-14 20:56:23,-38.6533,178.0042,67.95,96,100,15.28
228,Muroto,JP,2021-12-14 20:56:23,33.2833,134.15,52.29,69,4,5.41
229,Hambantota,LK,2021-12-14 20:56:23,6.1241,81.1185,75.96,82,100,6.15
230,Zaragoza,ES,2021-12-14 20:56:24,41.6561,-0.8773,46.02,86,90,5.01
231,Marfino,RU,2021-12-14 20:56:24,55.7028,37.3822,25.05,100,90,0.0
232,Vestmanna,FO,2021-12-14 20:56:25,62.1564,-7.1664,43.72,76,75,14.97
233,Aklavik,CA,2021-12-14 20:56:25,68.2191,-135.0107,-17.57,76,75,4.61
234,Pavlovsk,RU,2021-12-14 20:56:25,50.4578,40.1081,32.25,91,100,3.56
235,Sadovoye,RU,2021-12-14 20:57:26,47.7764,44.5089,34.0,87,100,15.1
236,Anshun,CN,2021-12-14 20:57:26,26.25,105.9333,46.96,98,100,5.99
237,Presidencia Roque Saenz Pena,AR,2021-12-14 20:54:56,-26.7852,-60.4388,84.61,55,97,7.85
238,Upernavik,GL,2021-12-14 20:57:26,72.7868,-56.1549,5.0,95,100,10.58
239,Sao Francisco Do Conde,BR,2021-12-14 20:57:27,-12.6275,-38.68,82.42,81,99,6.42
240,Scottsbluff,US,2021-12-14 20:53:08,41.8666,-103.6672,54.27,30,100,2.06
241,Necochea,AR,2021-12-14 20:57:28,-38.5473,-58.7368,75.04,48,100,17.0
242,Townsville,AU,2021-12-14 20:57:28,-19.25,146.8,79.68,65,40,8.05
243,Sychevka,RU,2021-12-14 20:57:28,55.8252,34.2736,24.33,97,100,4.94
244,Bredasdorp,ZA,2021-12-14 20:57:29,-34.5322,20.0403,59.29,75,100,5.01
245,Rosarito,MX,2021-12-14 20:57:29,32.3333,-117.0333,58.59,91,100,31.68
246,Te Anau,NZ,2021-12-14 20:57:29,-45.4167,167.7167,57.16,75,100,1.36
247,Kelvington,CA,2021-12-14 20:57:30,52.1667,-103.5343,26.26,94,100,12.1
248,Zhicheng,CN,2021-12-14 20:57:30,30.2956,111.5047,49.55,73,88,2.19
249,Port Hardy,CA,2021-12-14 20:57:30,50.6996,-127.4199,39.2,87,40,10.36
250,Kruisfontein,ZA,2021-12-14 20:57:31,-34.0033,24.7314,60.89,87,22,6.35
251,Tateyama,JP,2021-12-14 20:57:31,34.9833,139.8667,42.82,93,20,4.61
252,Najran,SA,2021-12-14 20:57:31,17.4924,44.1277,52.45,25,0,1.7
253,Waqqas,JO,2021-12-14 20:57:32,32.5427,35.6053,64.38,84,92,6.2
254,Paamiut,GL,2021-12-14 20:57:32,61.994,-49.6678,21.69,82,100,7.0
255,Chokurdakh,RU,2021-12-14 20:57:32,70.6333,147.9167,-17.0,94,100,8.37
256,Along,IN,2021-12-14 20:57:33,28.1667,94.7667,50.49,75,7,1.54
257,Springbok,ZA,2021-12-14 20:57:33,-29.6643,17.8865,56.73,75,0,6.71
258,Cidreira,BR,2021-12-14 20:57:33,-30.1811,-50.2056,70.68,94,100,20.0
259,Tacna,PE,2021-12-14 20:57:34,-18.0056,-70.2483,71.8,53,0,12.66
260,Asau,RO,2021-12-14 20:57:34,46.4333,26.4,34.75,95,85,2.28
261,Clyde River,CA,2021-12-14 20:57:34,70.4692,-68.5914,-18.17,83,20,3.44
262,Vila Franca Do Campo,PT,2021-12-14 20:57:35,37.7167,-25.4333,58.19,77,46,4.65
263,Phan Thiet,VN,2021-12-14 20:57:35,10.9333,108.1,73.18,86,84,5.88
264,Guangzhou,CN,2021-12-14 20:53:49,23.1167,113.25,69.01,52,100,3.53
265,San Jeronimo,PE,2021-12-14 20:57:36,-11.9472,-75.2829,62.85,51,60,4.5
266,Ardakan,IR,2021-12-14 20:57:36,32.31,54.0175,44.98,40,59,4.52
267,Beringen,BE,2021-12-14 20:57:36,51.0507,5.2216,48.76,88,90,5.75
268,Olafsvik,IS,2021-12-14 20:57:37,64.8945,-23.7142,40.48,77,100,20.2
269,Fairbanks,US,2021-12-14 20:57:37,64.8378,-147.7164,-29.4,65,20,0.0
270,Port Hedland,AU,2021-12-14 20:57:37,-20.3167,118.5667,78.85,83,6,9.22
271,Temuco,CL,2021-12-14 20:54:45,-38.7333,-72.6,69.57,37,2,12.24
272,Hirara,JP,2021-12-14 20:57:38,24.8,125.2833,71.15,67,85,15.52
273,Mezen,RU,2021-12-14 20:57:38,65.8522,44.24,13.51,98,97,5.39
274,Ketchikan,US,2021-12-14 20:57:38,55.3422,-131.6461,28.18,66,100,3.8
275,Kwinana,AU,2021-12-14 20:57:39,-32.25,115.7667,59.23,69,0,10.67
276,Moose Factory,CA,2021-12-14 20:57:39,51.2585,-80.6094,14.0,85,90,4.61
277,Tuatapere,NZ,2021-12-14 20:57:40,-46.1333,167.6833,59.83,71,99,4.05
278,Yerbogachen,RU,2021-12-14 20:57:40,61.2767,108.0108,-34.49,97,79,5.55
279,Kirakira,SB,2021-12-14 20:57:40,-10.4544,161.9205,82.38,83,100,8.37
280,Rawlins,US,2021-12-14 20:57:41,41.7911,-107.2387,48.42,67,100,27.85
281,Ereymentau,KZ,2021-12-14 20:58:41,51.6199,73.1033,7.18,84,100,14.34
282,Saint-Philippe,RE,2021-12-14 20:58:41,-21.3585,55.7679,76.59,80,38,13.51
283,Dudinka,RU,2021-12-14 20:58:42,69.4058,86.1778,-11.38,96,100,24.63
284,Odda,NO,2021-12-14 20:58:42,60.0691,6.5457,46.99,99,100,11.92
285,College,US,2021-12-14 20:58:42,64.8569,-147.8028,-36.0,65,20,0.0
286,Nioro,GM,2021-12-14 20:58:43,13.35,-15.75,82.49,11,94,6.31
287,Vardo,NO,2021-12-14 20:58:43,70.3705,31.1107,30.18,93,75,8.05
288,Ayutla,MX,2021-12-14 20:58:43,20.1167,-104.3333,81.68,22,80,2.98
289,Santa Cruz,BO,2021-12-14 20:58:44,-17.8,-63.1667,78.85,73,75,6.91
290,Caraquet,CA,2021-12-14 20:58:44,47.7941,-64.9386,27.34,63,90,21.03
291,Ahipara,NZ,2021-12-14 20:58:44,-35.1667,173.1667,69.37,78,14,9.69
292,Varkaus,FI,2021-12-14 20:58:45,62.3153,27.873,32.31,99,100,3.11
293,Krabi,TH,2021-12-14 20:58:45,8.0726,98.9105,78.91,94,20,4.61
294,Castlegar,CA,2021-12-14 20:56:20,49.2998,-117.6689,39.97,85,100,3.2
295,Bengkulu,ID,2021-12-14 20:58:46,-3.8004,102.2655,74.59,90,82,3.94
296,Lagos De Moreno,MX,2021-12-14 20:58:46,21.35,-101.9167,76.28,20,18,2.35
297,Shebalino,RU,2021-12-14 20:58:47,51.2917,85.6772,-3.62,94,100,5.1
298,Lensk,RU,2021-12-14 20:58:47,60.7253,114.9278,-37.14,99,82,4.9
299,Douala,CM,2021-12-14 20:56:25,4.0483,9.7043,78.71,94,40,0.0
300,Khed Brahma,IN,2021-12-14 20:58:47,24.0333,73.05,60.55,36,13,7.49
301,Tiksi,RU,2021-12-14 20:58:48,71.6872,128.8694,-31.72,99,56,3.2
302,Batagay,RU,2021-12-14 20:58:48,67.6333,134.6333,-31.94,95,100,0.58
303,Ambon,ID,2021-12-14 20:58:48,-3.6954,128.1814,81.1,79,79,4.0
304,Carnarvon,AU,2021-12-14 20:58:49,-24.8667,113.6333,66.27,77,0,20.71
305,Basco,PH,2021-12-14 20:58:49,20.4487,121.9702,77.34,72,83,25.43
306,Uruzgan,AF,2021-12-14 20:58:49,32.8333,66.0,26.8,54,0,0.51
307,Aksu,CN,2021-12-14 20:58:50,41.1231,80.2644,26.02,48,100,2.42
308,Znamenka,RU,2021-12-14 20:58:50,52.4167,41.4311,27.82,95,100,4.7
309,Redcliffe,AU,2021-12-14 20:58:50,-27.2307,153.0973,73.98,64,0,10.36
310,Roswell,US,2021-12-14 20:58:51,34.0232,-84.3616,68.34,33,0,5.26
311,Takoradi,GH,2021-12-14 20:58:51,4.8845,-1.7554,80.91,82,87,7.7
312,Mairwa,IN,2021-12-14 20:58:51,26.2333,84.15,58.15,47,67,5.82
313,Tanout,NE,2021-12-14 20:58:52,14.9709,8.8879,66.51,14,13,12.39
314,Broome,US,2021-12-14 20:58:52,42.2506,-75.833,46.0,48,53,1.01
315,Lulea,SE,2021-12-14 20:58:52,65.5842,22.1547,6.87,92,0,2.3
316,Laguna,US,2021-12-14 20:58:53,38.421,-121.4238,53.29,75,1,1.99
317,Galanta,SK,2021-12-14 20:58:53,48.19,17.7275,39.81,100,100,0.74
318,Olenegorsk,RU,2021-12-14 20:58:53,68.15,33.3,9.19,99,97,3.18
319,Barentu,ER,2021-12-14 20:58:54,15.1139,37.5928,72.21,24,86,3.78
320,Shangzhi,CN,2021-12-14 20:58:54,45.2167,127.9667,4.51,98,69,5.03
321,Jinka,ET,2021-12-14 20:58:55,5.65,36.65,68.88,51,91,3.09
322,Sri Aman,MY,2021-12-14 20:58:55,1.2376,111.4621,75.25,100,93,2.3
323,Puerto Colombia,CO,2021-12-14 20:58:56,10.9878,-74.9547,86.09,76,22,20.85
324,Henties Bay,NA,2021-12-14 20:58:56,-22.116,14.2845,60.85,92,0,8.23
325,Kahului,US,2021-12-14 20:59:56,20.8947,-156.47,80.96,82,46,11.99
326,Bac Lieu,VN,2021-12-14 20:59:57,9.285,105.7244,76.39,83,99,4.56
327,Carinhanha,BR,2021-12-14 20:59:57,-14.3047,-43.765,77.32,82,88,3.4
328,Pitimbu,BR,2021-12-14 20:59:57,-7.4706,-34.8086,82.99,73,77,10.89
329,Vostok,RU,2021-12-14 20:59:58,46.4856,135.8833,4.95,97,98,3.6
330,Xuddur,SO,2021-12-14 20:59:58,4.1213,43.8894,75.61,63,100,14.67
331,Puerto Carreno,CO,2021-12-14 20:59:58,6.189,-67.4859,89.58,55,40,10.36
332,Senanga,ZM,2021-12-14 20:59:59,-16.1167,23.2667,68.31,83,97,3.31
333,Cap Malheureux,MU,2021-12-14 20:59:59,-19.9842,57.6142,78.48,72,4,7.0
334,Fortuna,US,2021-12-14 20:59:59,40.5982,-124.1573,49.98,79,20,4.0
335,Puerto Baquerizo Moreno,EC,2021-12-14 21:00:00,-0.9,-89.6,74.39,78,75,16.11
336,Sao Filipe,CV,2021-12-14 21:00:00,14.8961,-24.4956,75.15,69,91,7.96
337,Lapithos,CY,2021-12-14 21:00:01,35.3375,33.1792,57.88,75,64,10.33
338,Provideniya,RU,2021-12-14 21:00:01,64.3833,-173.3,-4.65,71,90,22.37
339,Mandal,IN,2021-12-14 21:00:01,25.45,74.5667,57.24,44,0,6.76
340,Prince Rupert,CA,2021-12-14 21:00:02,54.3161,-130.3201,30.34,62,100,6.85
341,Esna,EG,2021-12-14 21:00:03,25.2934,32.554,61.5,31,11,11.72
342,Seidu,SL,2021-12-14 21:00:04,9.0167,-10.6,75.27,47,67,2.42
343,Khandbari,NP,2021-12-14 21:00:05,27.3747,87.2039,51.12,57,36,3.02
344,Peniche,PT,2021-12-14 21:00:08,39.3558,-9.3811,59.61,67,6,6.93
345,Camacha,PT,2021-12-14 21:00:08,33.0833,-16.3333,54.82,77,40,6.91
346,Araouane,ML,2021-12-14 21:00:09,18.9048,-3.5265,79.63,9,100,8.19
347,Luziania,BR,2021-12-14 21:00:11,-16.2525,-47.9503,70.88,91,98,5.03
348,Myaundzha,RU,2021-12-14 21:00:11,63.0494,147.1858,-12.75,98,100,2.77
349,Turukhansk,RU,2021-12-14 21:00:11,65.8167,87.9833,-11.63,93,100,19.42
350,Tanete,ID,2021-12-14 21:00:12,-3.9443,119.7848,76.24,94,100,0.78
351,Usinsk,RU,2021-12-14 21:00:13,65.9939,57.5281,9.72,98,96,5.08
352,Acapulco,MX,2021-12-14 20:55:35,16.8634,-99.8901,85.39,63,0,6.89
353,Ilulissat,GL,2021-12-14 21:00:14,69.2167,-51.1,6.58,73,15,4.16
354,Itaquyry,PY,2021-12-14 21:00:15,-24.9333,-55.2167,84.04,74,85,3.24
355,Pokhara,NP,2021-12-14 21:00:16,28.2333,83.9833,52.59,25,8,6.44
356,Kottapalli,IN,2021-12-14 21:00:16,18.4833,79.1,65.75,55,98,4.72
357,Nanortalik,GL,2021-12-14 21:00:17,60.1432,-45.2371,31.96,75,100,1.66
358,Bessemer,US,2021-12-14 21:00:17,33.4018,-86.9544,69.93,47,3,3.29
359,Srandakan,ID,2021-12-14 21:00:17,-7.9386,110.2506,64.72,84,100,1.79
360,Erzurum,TR,2021-12-14 21:00:18,40.0,41.5,31.68,62,100,5.66
361,Stokmarknes,NO,2021-12-14 21:00:18,68.5646,14.9108,40.96,87,75,23.02
362,Delemont,CH,2021-12-14 21:00:18,47.3649,7.3445,37.2,93,100,0.6
363,Ancud,CL,2021-12-14 21:00:19,-41.8697,-73.8203,56.89,63,43,8.59
364,Tomaszow Lubelski,PL,2021-12-14 20:59:12,50.4477,23.4162,24.82,96,97,5.35
365,Chifeng,CN,2021-12-14 21:00:19,42.2683,118.9636,20.66,54,2,4.79
366,Qasigiannguit,GL,2021-12-14 21:00:20,68.8193,-51.1922,25.05,80,16,3.78
367,Tazovskiy,RU,2021-12-14 21:00:20,67.4667,78.7,5.99,93,100,12.59
368,Mount Isa,AU,2021-12-14 21:00:20,-20.7333,139.5,76.77,53,4,0.0
369,Hauterive,FR,2021-12-14 21:00:21,46.0901,3.4459,36.36,88,10,1.68
370,Port-Cartier,CA,2021-12-14 21:01:21,50.0334,-66.8654,24.75,67,24,17.38
371,Merauke,ID,2021-12-14 21:01:22,-8.4667,140.3333,80.24,82,98,2.71
372,Mandalgovi,MN,2021-12-14 21:01:22,45.7625,106.2708,11.59,63,100,2.1
373,Sur,OM,2021-12-14 21:01:22,22.5667,59.5289,70.93,47,26,5.35
374,Lavrentiya,RU,2021-12-14 21:01:23,65.5833,-171.0,-12.84,83,72,9.24
375,Djenne,ML,2021-12-14 21:01:23,13.9061,-4.5533,83.68,15,37,8.39
376,Xiongzhou,CN,2021-12-14 21:01:23,25.1167,114.3,59.38,68,95,1.5
377,Masvingo,ZW,2021-12-14 21:01:24,-20.0637,30.8277,65.68,80,100,4.23
378,Harer,ET,2021-12-14 21:01:24,9.3094,42.1258,59.61,62,84,0.54
379,Ekhabi,RU,2021-12-14 21:01:24,53.5102,142.9671,1.98,87,35,19.33
380,Maassluis,NL,2021-12-14 20:57:46,51.9233,4.25,50.99,91,90,5.99
381,Codrington,AU,2021-12-14 21:01:25,-38.2667,141.9667,59.83,72,100,8.3
382,Dangriga,BZ,2021-12-14 20:57:35,16.9692,-88.2321,84.16,80,42,13.78
383,Gravdal,NO,2021-12-14 21:01:25,68.1214,13.5031,40.89,87,75,25.32
384,Half Moon Bay,US,2021-12-14 21:01:26,37.4636,-122.4286,53.85,66,40,4.0
385,Bundaberg,AU,2021-12-14 20:56:29,-24.85,152.35,77.22,63,1,5.01
386,Binga,ZW,2021-12-14 21:01:26,-17.6203,27.3414,75.18,71,94,5.59
387,Evensk,RU,2021-12-14 21:01:26,61.95,159.2333,1.74,74,98,16.87
388,Saint George,US,2021-12-14 21:00:12,37.1041,-113.5841,61.27,50,90,1.01
389,Mweka,CD,2021-12-14 21:01:27,-4.85,21.5667,68.72,93,100,1.36
390,Tocopilla,CL,2021-12-14 21:01:27,-22.092,-70.1979,69.33,70,33,8.68
391,Zhezkazgan,KZ,2021-12-14 21:01:28,47.8043,67.7144,4.08,88,96,3.98
392,Aripuana,BR,2021-12-14 21:01:28,-9.1667,-60.6333,79.93,78,97,2.19
393,Druzhba,UA,2021-12-14 21:01:28,52.0428,33.9453,31.78,90,99,3.53
394,Jimo,CN,2021-12-14 21:01:29,36.3897,120.4622,38.84,86,8,2.66
395,Hailar,CN,2021-12-14 21:01:29,49.2,119.7,-7.44,99,17,4.03
396,Sangar,RU,2021-12-14 21:01:30,63.9242,127.4739,-36.09,96,100,6.69
397,Lazaro Cardenas,MX,2021-12-14 21:01:30,17.9583,-102.2,83.62,68,0,7.83
398,Port Blair,IN,2021-12-14 21:01:30,11.6667,92.75,78.42,74,24,11.59
399,Saint-Augustin,CA,2021-12-14 21:01:31,51.226,-58.6502,18.61,67,95,20.33
400,Hegang,CN,2021-12-14 21:01:31,47.4,130.3667,-5.44,96,98,4.45
401,Taoudenni,ML,2021-12-14 21:01:31,22.6783,-3.9836,72.25,18,100,10.89
402,Shingu,JP,2021-12-14 21:01:31,33.7333,135.9833,44.28,82,2,6.78
403,Xapuri,BR,2021-12-14 21:01:32,-10.6517,-68.5044,89.47,53,72,5.21
404,Chernyshevskiy,RU,2021-12-14 21:01:32,63.0128,112.4714,-31.36,96,91,4.85
405,Beipiao,CN,2021-12-14 21:01:33,41.7919,120.7792,21.29,61,0,2.93
406,Troitsko-Pechorsk,RU,2021-12-14 21:01:33,62.7084,56.1964,19.29,92,97,6.76
407,Gillette,US,2021-12-14 21:01:33,44.2911,-105.5022,53.02,35,1,18.01
408,Pisco,PE,2021-12-14 21:01:34,-13.7,-76.2167,70.02,83,6,10.98
409,Canavieiras,BR,2021-12-14 21:01:34,-15.675,-38.9472,77.7,83,100,6.71
410,Rocky Mountain House,CA,2021-12-14 21:00:05,52.3668,-114.9188,0.82,78,100,10.71
411,Uglovskoye,RU,2021-12-14 21:01:34,51.3557,80.1942,5.86,96,94,7.36
412,Urumqi,CN,2021-12-14 21:01:35,43.801,87.6005,16.75,93,90,2.24
413,Shahrud,IR,2021-12-14 21:01:35,36.4182,54.9763,34.09,36,0,2.71
414,La Arena,PE,2021-12-14 21:01:35,-5.3466,-80.7109,81.18,53,83,17.49
415,Souillac,MU,2021-12-14 21:01:36,-20.5167,57.5167,78.37,75,18,14.38
416,Nova Vicosa,BR,2021-12-14 21:01:36,-17.8919,-39.3719,77.65,83,100,10.09
417,Kyaikto,MM,2021-12-14 21:02:37,17.3,97.0167,69.08,78,2,4.18
418,Thap Khlo,TH,2021-12-14 21:02:37,16.16,100.5966,72.84,75,13,0.85
419,Leh,IN,2021-12-14 21:02:37,34.1667,77.5833,7.72,86,88,2.19
420,Kouroussa,GN,2021-12-14 21:02:38,10.65,-9.8833,79.34,28,83,1.74
421,Garachine,PA,2021-12-14 21:02:38,8.0647,-78.3628,81.09,78,22,3.47
422,La Orilla,MX,2021-12-14 21:02:39,17.9833,-102.2333,83.43,68,0,7.94
423,Nyuksenitsa,RU,2021-12-14 21:02:39,60.4128,44.2397,22.68,95,100,7.07
424,Kemi,FI,2021-12-14 21:02:39,65.8596,24.8228,31.77,93,90,9.22
425,Kerchevskiy,RU,2021-12-14 21:02:40,59.946,56.2884,20.73,93,100,9.01
426,Kulhudhuffushi,MV,2021-12-14 21:02:40,6.6221,73.07,81.05,74,100,7.58
427,Luis Correia,BR,2021-12-14 21:02:40,-2.8792,-41.6669,82.04,77,56,15.12
428,Phalaborwa,ZA,2021-12-14 21:00:55,-23.943,31.1411,72.32,84,24,11.03
429,Umm Kaddadah,SD,2021-12-14 21:02:41,13.6017,26.6876,74.52,32,100,15.77
430,Andros Town,BS,2021-12-14 21:02:41,24.7,-77.7667,76.96,73,15,17.52
431,Soe,ID,2021-12-14 21:02:42,-9.8607,124.284,64.67,87,31,3.38
432,Mandalay,MM,2021-12-14 21:00:56,21.9747,96.0836,64.54,80,67,0.96
433,Dhidhdhoo,MV,2021-12-14 21:02:42,6.8833,73.1,81.16,73,100,6.15
434,Sipe Sipe,BO,2021-12-14 21:02:42,-17.45,-66.3833,69.15,49,99,4.74
435,Khiri Mat,TH,2021-12-14 21:02:43,16.8333,99.8,67.53,76,22,1.92
436,Napanee,CA,2021-12-14 21:01:34,44.2501,-76.9494,41.86,54,69,4.54
437,Bokoro,TD,2021-12-14 21:02:43,12.3807,17.0568,77.41,21,63,12.91
438,Palu,ID,2021-12-14 21:02:44,-0.8917,119.8707,75.31,93,99,2.08
439,Mountain Home,US,2021-12-14 21:02:44,43.133,-115.6912,34.21,80,100,16.02
440,Torrington,US,2021-12-14 21:02:19,41.8007,-73.1212,49.95,42,8,3.0
441,Porto Walter,BR,2021-12-14 21:02:45,-8.2686,-72.7439,80.87,89,95,3.69
442,Krasnoselkup,RU,2021-12-14 21:02:45,65.7,82.4667,-4.22,98,100,21.65
443,Urubicha,BO,2021-12-14 21:02:45,-15.3833,-62.95,74.95,99,100,2.21
444,Sao Joao Da Barra,BR,2021-12-14 21:02:08,-21.6403,-41.0511,76.46,88,100,18.3
445,Moindou,NC,2021-12-14 21:02:46,-21.6924,165.677,76.95,64,68,10.27
446,San Cristobal,VE,2021-12-14 21:02:46,7.7669,-72.225,75.24,73,97,2.1
447,Shar,KZ,2021-12-14 21:02:46,49.5886,81.0453,0.23,96,97,5.26
448,Russellville,US,2021-12-14 21:02:47,35.2784,-93.1338,62.33,93,90,3.44
449,Puerto Escondido,MX,2021-12-14 20:59:52,15.85,-97.0667,85.77,54,0,6.06
450,Bezhetsk,RU,2021-12-14 21:02:47,57.7851,36.6965,25.16,95,100,9.13
451,Beroroha,MG,2021-12-14 21:02:48,-21.6667,45.1667,72.9,82,100,1.97
452,Kaputa,ZM,2021-12-14 21:02:48,-8.4689,29.6619,68.85,85,97,2.04
453,Chimoio,MZ,2021-12-14 21:02:48,-19.1164,33.4833,67.28,95,100,3.53
454,Hadejia,NG,2021-12-14 21:02:49,12.4498,10.0444,71.87,12,48,9.84
455,La Libertad,EC,2021-12-14 21:02:49,-2.2333,-80.9,72.7,81,74,10.2
456,Kedrovyy,RU,2021-12-14 21:02:49,56.1667,91.8167,-8.14,100,98,3.83
457,Derzhavinsk,KZ,2021-12-14 21:02:50,51.1,66.3167,13.23,85,100,10.27
458,Zyryanka,RU,2021-12-14 21:02:50,65.75,150.85,-19.93,97,100,11.03
459,Shache,CN,2021-12-14 21:03:51,38.4167,77.2406,24.66,52,96,3.53
460,Castelnaudary,FR,2021-12-14 21:03:51,43.3183,1.9545,48.43,90,6,1.01
461,Nago,JP,2021-12-14 21:03:52,26.5881,127.9761,63.45,67,0,7.11
462,Belozerskoye,RU,2021-12-14 21:03:52,55.8214,65.5842,24.33,81,100,13.22
463,Santa Isabel Do Rio Negro,BR,2021-12-14 21:03:52,-0.4139,-65.0192,85.66,69,99,3.29
464,Ust-Tsilma,RU,2021-12-14 21:03:53,65.441,52.1498,15.6,97,97,3.36
465,Caravelas,BR,2021-12-14 21:03:53,-17.7125,-39.2481,77.13,84,100,6.49
466,Deputatskiy,RU,2021-12-14 21:03:53,69.3,139.9,-25.33,100,100,0.74
467,Petropavlovsk-Kamchatskiy,RU,2021-12-14 21:03:54,53.0452,158.6483,25.39,68,40,8.95
468,Alice Springs,AU,2021-12-14 21:03:54,-23.7,133.8833,80.15,29,6,12.66
469,Antsohihy,MG,2021-12-14 21:03:54,-14.8796,47.9875,76.14,83,13,1.68
470,Kavieng,PG,2021-12-14 21:03:55,-2.5744,150.7967,83.14,74,100,12.93
471,Port Macquarie,AU,2021-12-14 21:00:29,-31.4333,152.9167,68.9,64,0,3.49
472,Chimbote,PE,2021-12-14 21:03:55,-9.0853,-78.5783,71.37,75,56,11.16
473,Vigrestad,NO,2021-12-14 21:03:55,58.5667,5.7,46.96,93,100,16.91
474,Boyolangu,ID,2021-12-14 21:03:56,-8.1181,111.8935,76.73,86,100,1.95
475,Ziro,IN,2021-12-14 21:03:56,27.6333,93.8333,38.68,75,83,2.48
476,Alta Floresta,BR,2021-12-14 21:03:56,-9.8756,-56.0861,79.56,88,98,3.65
477,Tibati,CM,2021-12-14 21:03:57,6.4667,12.6333,76.95,21,100,5.82
478,Lerwick,GB,2021-12-14 21:03:57,60.1545,-1.1494,50.0,92,100,15.01
479,Bruck An Der Mur,AT,2021-12-14 21:03:58,47.4036,15.2952,36.91,97,94,4.18
480,Mizdah,LY,2021-12-14 21:03:58,31.4451,12.9801,46.87,75,12,5.57
481,Kangaatsiaq,GL,2021-12-14 21:03:58,68.3065,-53.4641,8.8,90,63,4.27
482,Margate,GB,2021-12-14 21:03:59,51.3813,1.3862,52.97,84,100,1.99
483,Linhai,CN,2021-12-14 21:03:59,28.85,121.1167,53.92,72,78,1.16
484,Payo,ID,2021-12-14 21:03:59,-3.7508,103.6372,71.74,98,98,1.25
485,Inhambane,MZ,2021-12-14 21:04:00,-23.865,35.3833,76.77,79,93,5.53
486,Clarksburg,US,2021-12-14 21:03:28,39.2807,-80.3445,57.31,28,1,5.75
487,Sumenep,ID,2021-12-14 21:04:00,-7.0167,113.8667,79.63,82,100,0.96
488,Cervo,ES,2021-12-14 21:04:01,43.6702,-7.4101,49.51,80,0,6.87
489,Yevlax,AZ,2021-12-14 21:04:01,40.6089,47.1492,50.22,67,100,2.91
490,Manggar,ID,2021-12-14 21:04:01,-2.8833,108.2667,79.14,84,94,6.35
491,San Quintin,MX,2021-12-14 21:04:02,30.4833,-115.95,63.25,61,3,10.09
492,Gat,IL,2021-12-14 21:04:02,31.61,34.7642,63.28,100,83,10.51
493,Puerto Del Rosario,ES,2021-12-14 21:04:02,28.5004,-13.8627,64.15,48,20,4.61
494,Manaus,BR,2021-12-14 21:04:03,-3.1019,-60.025,86.5,79,40,2.3
495,Narva-Joesuu,EE,2021-12-14 21:04:03,59.4589,28.0408,33.1,98,100,9.86
496,Duku,NG,2021-12-14 21:04:03,11.2361,4.9073,77.97,13,49,7.31
497,Norman Wells,CA,2021-12-14 21:04:04,65.282,-126.8329,-21.41,97,100,3.65
498,Shenjiamen,CN,2021-12-14 21:04:04,29.9576,122.298,54.84,82,34,2.42
499,Nagorsk,RU,2021-12-14 21:04:05,59.3172,50.8078,21.9,96,98,5.79
500,Tyup,KG,2021-12-14 21:04:05,42.7276,78.3648,17.71,82,100,5.19
501,Dukat,RU,2021-12-14 21:04:05,62.55,155.55,-22.94,96,100,5.53
502,Dunedin,NZ,2021-12-14 21:04:06,-45.8742,170.5036,58.8,75,100,5.99
503,Dakar,SN,2021-12-14 21:01:56,14.6937,-17.4441,76.08,74,100,15.48
504,Jakar,BT,2021-12-14 21:04:06,27.5492,90.7525,33.13,86,16,3.4
505,Nishihara,JP,2021-12-14 21:05:07,26.1842,127.7558,62.65,75,20,5.75
506,Oranjemund,NA,2021-12-14 21:05:07,-28.55,16.4333,61.93,86,27,14.34
507,Champasak,LA,2021-12-14 21:01:14,14.75,106.0,65.75,89,75,0.89
508,Geraldton,AU,2021-12-14 21:05:08,-28.7667,114.6,59.41,77,0,11.5
509,Warmbad,NA,2021-12-14 21:05:08,-28.45,18.7333,69.64,48,0,14.76
510,Northam,GB,2021-12-14 21:05:08,51.0333,-4.2167,55.02,97,96,11.99
511,Juneau,US,2021-12-14 21:05:09,58.3019,-134.4197,24.85,92,90,0.0
512,Svetlyy,RU,2021-12-14 21:05:09,54.675,20.1347,40.96,94,100,10.02
513,Bilma,NE,2021-12-14 21:05:10,18.6853,12.9164,65.71,27,82,13.42
514,Mehamn,NO,2021-12-14 21:03:10,71.0357,27.8492,35.78,80,0,23.02
515,Rustenburg,ZA,2021-12-14 21:05:10,-25.6676,27.2421,73.29,48,16,3.91
516,Atlantic City,US,2021-12-14 21:02:33,39.3643,-74.4229,53.26,64,54,13.22
517,Dubrovnik,HR,2021-12-14 21:05:10,42.6481,18.0922,49.64,37,0,23.02
518,Damaturu,NG,2021-12-14 21:05:11,11.747,11.9608,70.29,17,82,9.44
519,Koubia,GN,2021-12-14 21:05:11,11.5833,-11.9,72.23,31,97,1.45
520,Anqing,CN,2021-12-14 21:05:11,30.5092,117.0506,54.25,66,100,2.71
521,Oriximina,BR,2021-12-14 21:05:12,-1.7656,-55.8661,85.73,65,100,3.09
522,Hikone,JP,2021-12-14 21:05:12,35.25,136.25,40.55,74,11,3.67
523,Cam Ranh,VN,2021-12-14 21:05:12,11.9214,109.1591,75.16,73,75,8.05
524,Povenets,RU,2021-12-14 21:05:13,62.8487,34.8262,29.91,98,100,10.4
525,Shetpe,KZ,2021-12-14 21:05:13,44.1667,52.1167,31.44,75,27,21.65
526,Verkhoyansk,RU,2021-12-14 21:05:13,67.5447,133.385,-28.86,94,100,0.16
527,Gushikawa,JP,2021-12-14 21:05:14,26.3544,127.8686,62.6,86,1,8.05
528,Saint-Francois,FR,2021-12-14 21:05:14,46.4154,3.9054,35.67,99,90,2.3
529,Luau,AO,2021-12-14 21:05:14,-10.7073,22.2247,64.9,95,81,2.42
530,San Juan,AR,2021-12-14 21:05:15,-31.5375,-68.5364,85.26,23,10,21.09
531,Tigre,AR,2021-12-14 21:05:15,-34.426,-58.5796,79.3,38,0,14.97
532,Tolaga Bay,NZ,2021-12-14 21:05:16,-38.3667,178.3,66.97,97,100,21.27
533,Aguimes,ES,2021-12-14 21:05:16,27.9054,-15.4461,61.43,77,40,2.3
534,Porbandar,IN,2021-12-14 21:05:16,21.6422,69.6093,67.89,36,25,10.33
535,Orebro,SE,2021-12-14 21:05:17,59.2741,15.2066,41.18,87,90,12.66
536,Port Lincoln,AU,2021-12-14 21:05:17,-34.7333,135.8667,60.91,73,95,9.22
537,Kadnikov,RU,2021-12-14 21:05:17,59.5022,40.338,26.38,91,100,6.87
538,Strezhevoy,RU,2021-12-14 21:05:18,60.7333,77.5889,-4.02,93,100,12.15
539,Maceio,BR,2021-12-14 21:05:18,-9.6658,-35.7353,81.84,78,75,6.91
540,Chiang Khong,TH,2021-12-14 21:05:18,20.2613,100.4046,61.48,90,10,1.1
541,Pawa,PH,2021-12-14 21:05:19,13.1747,123.7328,75.7,91,82,8.5
542,Panguna,PG,2021-12-14 21:05:19,-6.3164,155.4848,74.43,86,89,0.76
543,Ola,RU,2021-12-14 21:05:19,59.5833,151.2833,1.96,92,100,10.36
544,Kidal,ML,2021-12-14 21:05:20,18.4411,1.4078,75.07,10,100,9.35
545,Sfantu Gheorghe,RO,2021-12-14 21:05:20,45.8667,25.7833,34.93,92,100,4.16
546,Pathein,MM,2021-12-14 21:05:20,16.7833,94.7333,69.42,88,2,5.21
547,Vilhena,BR,2021-12-14 21:05:21,-12.7406,-60.1458,77.72,77,91,3.44
548,Zheleznodorozhnyy,RU,2021-12-14 21:05:21,55.7503,38.0042,25.32,97,97,1.12
549,Talara,PE,2021-12-14 21:05:21,-4.5772,-81.2719,77.76,61,0,20.71
550,Itoman,JP,2021-12-14 21:05:22,26.1247,127.6694,63.37,74,20,2.3
551,Salekhard,RU,2021-12-14 21:05:22,66.53,66.6019,8.65,96,99,4.61
552,Fort Nelson,CA,2021-12-14 21:06:23,58.8053,-122.7002,-16.13,96,55,0.56
553,Mackay,AU,2021-12-14 21:06:23,-21.15,149.2,83.05,70,95,7.43
554,Todos Santos,MX,2021-12-14 21:06:23,23.45,-110.2167,86.0,72,0,8.28
555,Biak,ID,2021-12-14 21:06:24,-0.9131,122.8766,77.14,77,100,2.75
556,Dingle,PH,2021-12-14 21:06:24,10.9995,122.6711,72.37,92,66,8.14
557,Pryazha,RU,2021-12-14 21:06:24,61.6926,33.6216,28.18,93,100,9.42
558,Marzuq,YE,2021-12-14 21:06:25,14.4,46.4667,54.7,27,7,2.17
559,Waiouru,NZ,2021-12-14 21:06:25,-39.4833,175.6667,59.45,92,96,6.38
560,Nikitinskiy,RU,2021-12-14 21:06:25,54.5845,86.0115,-4.88,98,100,4.7
561,Fairlie,GB,2021-12-14 21:06:26,55.756,-4.8556,49.41,89,100,1.99
562,Bejar,ES,2021-12-14 21:06:26,40.3864,-5.7634,46.58,53,84,5.23
563,Sabang,ID,2021-12-14 21:06:26,5.8933,95.3214,81.86,76,99,16.75
564,Paris,FR,2021-12-14 21:05:03,48.8534,2.3488,47.21,94,90,2.3
565,Tarabuco,BO,2021-12-14 21:06:27,-19.1667,-64.9167,56.59,64,100,5.59
566,Ndola,ZM,2021-12-14 21:06:27,-12.9587,28.6366,68.59,55,69,1.41
567,Beyneu,KZ,2021-12-14 21:06:28,45.3167,55.2,31.62,88,29,14.76
568,Nicoya,CR,2021-12-14 21:06:28,10.1483,-85.452,85.55,66,84,13.89
